Metric,Value
MAE,0.7185250984934133
MSE,0.7816477216005407
